scenario,governance_setting,governance_delta,governance_theta,governance_R_max,seed,run_length,cumulative_revenue,revenue_per_vehicle,fleet_utilization,unmet_demand_rate,avg_unmet_demand,price_volatility,spatial_imbalance,imbalance_persistence,oscillation_index,overload_frequency,low_idle_frequency,peak_unmet_demand,delta_intervention,adaptive_active_ratio,service_rate,demand_supply_mismatch,persistence_demand_supply_mismatch,vehicle_concentration
adaptive_delta_1.5_repeated_shocks,adaptive_delta_1.5,none,none,none,1,500,169035.27729191942,1408.6273107659952,0.4301333333333333,0.4583616422401242,18.89,5.703009432452384,0.11676944444444445,0.066,0.2240325865580448,0.586,0.0,125,1.5,0.108,0.5416383577598758,0.11676944444444445,0.066,15.392779133849295
adaptive_delta_1.5_repeated_shocks,adaptive_delta_1.5,none,none,none,2,500,164686.92486921055,1372.3910405767544,0.4179666666666666,0.4388730938226932,16.98,5.876973585922018,0.11668055555555555,0.068,0.2016293279022403,0.63,0.0,89,1.5,0.136,0.5611269061773068,0.11668055555555555,0.068,16.341813393687318
adaptive_delta_1.5_repeated_shocks,adaptive_delta_1.5,none,none,none,3,500,170816.01323206,1423.4667769338334,0.4247833333333333,0.416147428450734,15.762,5.377104673315851,0.11338055555555555,0.016,0.2373225152129817,0.576,0.0,75,1.5,0.084,0.583852571549266,0.11338055555555555,0.016,15.62727688016339
adaptive_delta_1.5_repeated_shocks,adaptive_delta_1.5,none,none,none,4,500,170460.484787777,1420.5040398981416,0.4265333333333333,0.4445616679226325,17.698,6.077073961454681,0.11575555555555556,0.084,0.2293762575452716,0.574,0.0,91,1.5,0.156,0.5554383320773675,0.11575555555555556,0.084,15.694902705391092
adaptive_delta_1.5_repeated_shocks,adaptive_delta_1.5,none,none,none,5,500,160180.68960932537,1334.8390800777115,0.4312666666666667,0.4731789949181254,20.112,4.8349363671786305,0.11835,0.108,0.2206477732793522,0.604,0.0,104,1.5,0.158,0.5268210050818747,0.11835,0.108,15.531003984897392
adaptive_delta_1.5_repeated_shocks,adaptive_delta_1.5,none,none,none,6,500,153417.8075140418,1278.4817292836815,0.4308833333333333,0.4163879598662207,15.936,4.566708506865985,0.11261666666666667,0.038,0.2404040404040404,0.544,0.0,85,1.5,0.092,0.5836120401337792,0.11261666666666667,0.038,15.98879899812641
adaptive_delta_1.5_repeated_shocks,adaptive_delta_1.5,none,none,none,7,500,171800.58506854283,1431.671542237857,0.427,0.4215291224030562,16.11,5.878379601659041,0.11396388888888889,0.05,0.2107438016528925,0.582,0.0,86,1.5,0.104,0.5784708775969438,0.11396388888888889,0.05,15.231468085628547
adaptive_delta_1.5_repeated_shocks,adaptive_delta_1.5,none,none,none,8,500,163398.65519571444,1361.655459964287,0.4243333333333333,0.4412016734714451,17.506,5.262705123517513,0.11644444444444445,0.07,0.2515090543259557,0.596,0.0,89,1.5,0.134,0.5587983265285549,0.11644444444444445,0.07,16.051638070501816
adaptive_delta_1.5_repeated_shocks,adaptive_delta_1.5,none,none,none,9,500,159869.7193070999,1332.2476608924994,0.4277,0.4292324302092437,16.698,6.0406374109825824,0.1148388888888889,0.052,0.2246963562753036,0.594,0.0,97,1.5,0.13,0.5707675697907563,0.1148388888888889,0.052,16.027426453821292
adaptive_delta_1.5_repeated_shocks,adaptive_delta_1.5,none,none,none,10,500,155718.26877048504,1297.652239754042,0.4351666666666666,0.433902025341714,17.396,5.098869528007406,0.11374166666666667,0.066,0.2373225152129817,0.55,0.0,103,1.5,0.108,0.5660979746582859,0.11374166666666667,0.066,15.653913709893247
adaptive_delta_1.5_repeated_shocks,adaptive_delta_1.5,none,none,none,11,500,169587.77634147488,1413.2314695122907,0.4176333333333333,0.4739971730759857,19.45,5.547830989785956,0.119875,0.118,0.2327935222672064,0.638,0.0,109,1.5,0.234,0.5260028269240142,0.119875,0.118,16.23706993859912
adaptive_delta_1.5_repeated_shocks,adaptive_delta_1.5,none,none,none,12,500,151482.46676721497,1262.3538897267913,0.4263,0.3881578947368421,14.042,6.517442258739875,0.11098888888888889,0.032,0.2219959266802444,0.522,0.0,71,1.5,0.082,0.611842105263158,0.11098888888888889,0.032,15.376247583675362
adaptive_delta_1.5_repeated_shocks,adaptive_delta_1.5,none,none,none,13,500,159019.64414929217,1325.1637012441015,0.4330166666666666,0.3905119416789075,14.356,5.314006432532547,0.11046111111111111,0.018,0.2576064908722109,0.51,0.002,81,1.5,0.07,0.6094880583210924,0.11046111111111111,0.018,15.118416190325334
adaptive_delta_1.5_repeated_shocks,adaptive_delta_1.5,none,none,none,14,500,162960.55155817897,1358.004596318158,0.42435,0.430483502801411,16.596,5.576390843277651,0.11545,0.074,0.2048192771084337,0.608,0.0,88,1.5,0.138,0.5695164971985889,0.11545,0.074,15.496517512838171
adaptive_delta_1.5_repeated_shocks,adaptive_delta_1.5,none,none,none,15,500,138858.87184855845,1157.1572654046538,0.4475833333333333,0.3535135732846796,12.788,4.741994233387099,0.10587222222222223,0.01,0.2208835341365461,0.498,0.0,62,1.5,0.034,0.6464864267153204,0.10587222222222223,0.01,15.011618869544192
adaptive_delta_1.5_repeated_shocks,adaptive_delta_1.5,none,none,none,16,500,186364.0642359425,1553.033868632854,0.4189166666666666,0.4460288255136461,17.454,6.042773145447295,0.11694722222222223,0.078,0.1805273833671399,0.642,0.0,98,1.5,0.136,0.5539711744863538,0.11694722222222223,0.078,15.757941366837835
adaptive_delta_1.5_repeated_shocks,adaptive_delta_1.5,none,none,none,17,500,160532.47111384931,1337.770592615411,0.4338166666666667,0.3968634981597055,14.88,4.703959825159367,0.11096388888888889,0.026,0.2253521126760563,0.58,0.0,86,1.5,0.064,0.6031365018402944,0.11096388888888889,0.026,15.337739236692268
adaptive_delta_1.5_repeated_shocks,adaptive_delta_1.5,none,none,none,18,500,154499.39368345562,1287.4949473621302,0.43225,0.4014398538655778,14.944,5.684304353702944,0.11156111111111111,0.054,0.2550607287449393,0.554,0.0,74,1.5,0.116,0.5985601461344221,0.11156111111111111,0.054,15.409985298421217
adaptive_delta_1.5_repeated_shocks,adaptive_delta_1.5,none,none,none,19,500,162893.31719367055,1357.4443099472546,0.4297,0.4032093048301114,14.976,5.71658651492379,0.11202777777777778,0.038,0.2056451612903226,0.59,0.0,98,1.5,0.116,0.5967906951698885,0.11202777777777778,0.038,15.321309504339913
adaptive_delta_1.5_repeated_shocks,adaptive_delta_1.5,none,none,none,20,500,163195.347055418,1359.9612254618166,0.4297,0.3973296005168515,14.76,6.439595610090051,0.1115,0.034,0.2081632653061224,0.55,0.0,71,1.5,0.078,0.6026703994831485,0.1115,0.034,15.621947636976305
adaptive_delta_1.5_repeated_shocks,adaptive_delta_1.5,none,none,none,21,500,156584.7527798105,1304.872939831754,0.4272333333333333,0.4123314065510597,15.408,6.036103877019919,0.11296388888888889,0.05,0.2158859470468432,0.584,0.0,73,1.5,0.102,0.5876685934489403,0.11296388888888889,0.05,15.538645639415972
adaptive_delta_1.5_repeated_shocks,adaptive_delta_1.5,none,none,none,22,500,165489.9614827788,1379.08301235649,0.42685,0.4719470375309583,19.818,5.316807090873232,0.11855277777777778,0.116,0.1911468812877263,0.58,0.0,120,1.5,0.17,0.5280529624690418,0.11855277777777778,0.116,15.711635775402689
adaptive_delta_1.5_repeated_shocks,adaptive_delta_1.5,none,none,none,23,500,155062.64566617564,1292.188713884797,0.4391166666666666,0.4189491905101313,16.458,5.341654204723788,0.11240833333333333,0.044,0.1947791164658634,0.606,0.004,91,1.5,0.104,0.5810508094898686,0.11240833333333333,0.044,14.946845696015824
adaptive_delta_1.5_repeated_shocks,adaptive_delta_1.5,none,none,none,24,500,159542.72560896215,1329.522713408018,0.4229333333333333,0.4284222071342769,16.406,4.854903860084157,0.11483055555555556,0.048,0.2137096774193548,0.584,0.0,85,1.5,0.11,0.5715777928657231,0.11483055555555556,0.048,15.634144588018227
adaptive_delta_1.5_repeated_shocks,adaptive_delta_1.5,none,none,none,25,500,147138.92480463395,1226.1577067052829,0.4425833333333333,0.4094706093373648,15.98,4.354120966155751,0.11072777777777779,0.04,0.180161943319838,0.58,0.0,86,1.5,0.082,0.5905293906626352,0.11072777777777779,0.04,15.00656724726187
adaptive_delta_1.5_repeated_shocks,adaptive_delta_1.5,none,none,none,26,500,144455.05278380637,1203.7921065317198,0.43595,0.3902452169226623,14.482,5.374471186690405,0.11037777777777778,0.038,0.1915322580645161,0.556,0.0,80,1.5,0.07,0.6097547830773377,0.11037777777777778,0.038,15.34923909122629
adaptive_delta_1.5_repeated_shocks,adaptive_delta_1.5,none,none,none,27,500,187919.2902259461,1565.9940852162176,0.4237333333333333,0.4470032026841543,17.586,5.325534301921151,0.11631944444444445,0.042,0.2404040404040404,0.632,0.0,79,1.5,0.126,0.5529967973158456,0.11631944444444445,0.042,15.953627365524138
adaptive_delta_1.5_repeated_shocks,adaptive_delta_1.5,none,none,none,28,500,158677.5242909959,1322.312702424966,0.4232666666666667,0.4525924088315554,18.244,5.361335193580467,0.11708333333333333,0.086,0.2152917505030181,0.612,0.0,95,1.5,0.166,0.5474075911684446,0.11708333333333333,0.086,16.204422469476174
adaptive_delta_1.5_repeated_shocks,adaptive_delta_1.5,none,none,none,29,500,149204.80578023815,1243.3733815019846,0.4352,0.427970397404704,16.886,4.88130026241783,0.11412777777777779,0.062,0.2161616161616161,0.57,0.0,97,1.5,0.116,0.572029602595296,0.11412777777777779,0.062,16.050590194741726
adaptive_delta_1.5_repeated_shocks,adaptive_delta_1.5,none,none,none,30,500,180311.65645973868,1502.597137164489,0.4113833333333333,0.4459332638164755,17.106,5.375308798128204,0.1179888888888889,0.05,0.2181818181818181,0.664,0.0,81,1.5,0.146,0.5540667361835245,0.1179888888888889,0.05,16.497795216530225
adaptive_delta_1.5_repeated_shocks,adaptive_delta_1.5,none,none,none,31,500,170102.38499098513,1417.519874924876,0.42365,0.4139221556886227,15.484,5.885536435650615,0.11337222222222222,0.052,0.194331983805668,0.574,0.0,86,1.5,0.076,0.5860778443113772,0.11337222222222222,0.052,15.602028034654898
adaptive_delta_1.5_repeated_shocks,adaptive_delta_1.5,none,none,none,32,500,163549.05255120446,1362.9087712600372,0.42325,0.4547613158545634,18.386,4.962986048467626,0.11708055555555556,0.086,0.2535496957403651,0.602,0.002,97,1.5,0.166,0.5452386841454366,0.11708055555555556,0.086,15.825897210299917
adaptive_delta_1.5_repeated_shocks,adaptive_delta_1.5,none,none,none,33,500,170140.6315235897,1417.838596029914,0.4329833333333333,0.4153886145048089,15.98,5.07705608563053,0.11279444444444445,0.038,0.2181818181818181,0.61,0.0,92,1.5,0.094,0.5846113854951911,0.11279444444444445,0.038,15.461143474274108
adaptive_delta_1.5_repeated_shocks,adaptive_delta_1.5,none,none,none,34,500,171456.11858760464,1428.800988230039,0.4274833333333333,0.4360453246222948,17.086,5.236178595647158,0.11516944444444445,0.052,0.255533199195171,0.61,0.0,88,1.5,0.14,0.5639546753777052,0.11516944444444445,0.052,15.738917052329185
adaptive_delta_1.5_repeated_shocks,adaptive_delta_1.5,none,none,none,35,500,173010.55355893323,1441.7546129911102,0.4187333333333333,0.4430508302442492,17.45,6.215130610746048,0.1167138888888889,0.08,0.2142857142857142,0.598,0.006,102,1.5,0.176,0.5569491697557507,0.1167138888888889,0.08,15.516599135304062
adaptive_delta_1.5_repeated_shocks,adaptive_delta_1.5,none,none,none,36,500,135244.6026184782,1127.038355153985,0.4473333333333333,0.3747654029706687,13.978,4.807400472070523,0.10732777777777779,0.026,0.2293762575452716,0.494,0.002,95,1.5,0.046,0.6252345970293314,0.10732777777777779,0.026,14.949515498314623
adaptive_delta_1.5_repeated_shocks,adaptive_delta_1.5,none,none,none,37,500,166466.61234414406,1387.221769534534,0.4426833333333333,0.3844585166899216,14.328,5.495852726348548,0.10850277777777778,0.004,0.1710794297352342,0.578,0.0,73,1.5,0.026,0.6155414833100783,0.10850277777777778,0.004,15.119107822407882
adaptive_delta_1.5_repeated_shocks,adaptive_delta_1.5,none,none,none,38,500,162683.457384256,1355.6954782021337,0.4142,0.4204674873908563,15.506,6.088547526449755,0.11551388888888889,0.072,0.2112676056338028,0.622,0.0,81,1.5,0.154,0.5795325126091437,0.11551388888888889,0.072,15.856026151745663
adaptive_delta_1.5_repeated_shocks,adaptive_delta_1.5,none,none,none,39,500,174794.32997257865,1456.6194164381554,0.42085,0.4293604039553966,16.326,6.426434087075182,0.11493055555555556,0.064,0.1788617886178861,0.602,0.0,92,1.5,0.142,0.5706395960446033,0.11493055555555556,0.064,15.77835912821236
adaptive_delta_1.5_repeated_shocks,adaptive_delta_1.5,none,none,none,40,500,158857.76055320026,1323.8146712766688,0.43365,0.4059552042160738,15.406,5.3060542054451165,0.11194722222222223,0.046,0.2,0.58,0.0,112,1.5,0.104,0.5940447957839262,0.11194722222222223,0.046,15.373249904056397
adaptive_delta_1.5_repeated_shocks,adaptive_delta_1.5,none,none,none,41,500,163685.84689488274,1364.0487241240228,0.4323833333333333,0.4400657632522917,17.666,5.407702070642179,0.114425,0.062,0.2170385395537525,0.556,0.0,111,1.5,0.116,0.5599342367477083,0.114425,0.062,15.546833828021748
adaptive_delta_1.5_repeated_shocks,adaptive_delta_1.5,none,none,none,42,500,166430.27593316406,1386.9189661097005,0.4346833333333333,0.4392565278054614,17.63,4.876892235413506,0.11451111111111112,0.048,0.2273641851106639,0.606,0.0,110,1.5,0.092,0.5607434721945386,0.11451111111111112,0.048,15.22898122576802
adaptive_delta_1.5_repeated_shocks,adaptive_delta_1.5,none,none,none,43,500,161996.49731192575,1349.9708109327146,0.43105,0.4040376704914483,14.93,5.849730582930714,0.11161111111111112,0.058,0.2101010101010101,0.592,0.0,73,1.5,0.116,0.5959623295085517,0.11161111111111112,0.058,15.699552216374347
adaptive_delta_1.5_repeated_shocks,adaptive_delta_1.5,none,none,none,44,500,175819.73859258264,1465.164488271522,0.4231666666666667,0.4228811335607452,16.116,6.40721829150386,0.11428055555555555,0.03,0.2020408163265306,0.58,0.0,93,1.5,0.104,0.5771188664392548,0.11428055555555555,0.03,15.985164886341618
adaptive_delta_1.5_repeated_shocks,adaptive_delta_1.5,none,none,none,45,500,180095.87593594432,1500.7989661328693,0.4291166666666666,0.4159222280609564,15.83,5.955348420450208,0.11296388888888889,0.052,0.2134146341463414,0.602,0.0,76,1.5,0.092,0.5840777719390435,0.11296388888888889,0.052,15.584317821224944
adaptive_delta_1.5_repeated_shocks,adaptive_delta_1.5,none,none,none,46,500,160284.76736892748,1335.7063947410622,0.4287,0.4063429664258393,15.298,5.4199835726772045,0.11229722222222223,0.036,0.2434077079107505,0.546,0.004,103,1.5,0.074,0.5936570335741607,0.11229722222222223,0.036,15.495102737466015
adaptive_delta_1.5_repeated_shocks,adaptive_delta_1.5,none,none,none,47,500,150585.7293835897,1254.8810781965808,0.4286,0.3958945878253294,14.542,5.191311384263359,0.111875,0.048,0.2399193548387097,0.596,0.0,81,1.5,0.074,0.6041054121746705,0.111875,0.048,15.789151297504787
adaptive_delta_1.5_repeated_shocks,adaptive_delta_1.5,none,none,none,48,500,140162.5767381526,1168.0214728179385,0.4395666666666666,0.3628844232263795,13.074,4.8443984420168436,0.10771666666666667,0.014,0.236734693877551,0.54,0.002,79,1.5,0.04,0.6371155767736205,0.10771666666666667,0.014,15.008131681291733
adaptive_delta_1.5_repeated_shocks,adaptive_delta_1.5,none,none,none,49,500,181434.3684297064,1511.9530702475531,0.4295166666666666,0.4250415282392026,16.376,5.5114645986112,0.11362222222222222,0.044,0.2179226069246435,0.616,0.004,91,1.5,0.086,0.5749584717607974,0.11362222222222222,0.044,15.62156674439472
adaptive_delta_1.5_repeated_shocks,adaptive_delta_1.5,none,none,none,50,500,179410.60824269665,1495.088402022472,0.4285833333333333,0.4461847389558233,17.776,5.471573544527767,0.11555833333333333,0.052,0.216867469879518,0.62,0.0,103,1.5,0.122,0.5538152610441767,0.11555833333333333,0.052,16.165374643972463
adaptive_delta_2.0_repeated_shocks,adaptive_delta_2.0,none,none,none,1,500,160350.52090954763,1336.2543409128969,0.4411666666666666,0.3922445935868754,14.728,5.573905126546254,0.10977222222222223,0.044,0.219959266802444,0.524,0.002,88,2.0,0.078,0.6077554064131245,0.10977222222222223,0.044,14.920216618155647
adaptive_delta_2.0_repeated_shocks,adaptive_delta_2.0,none,none,none,2,500,158169.0696150249,1318.0755801252076,0.4319833333333333,0.3917268335052385,14.432,5.4814814777878285,0.11083055555555556,0.032,0.2321792260692464,0.566,0.0,74,2.0,0.082,0.6082731664947614,0.11083055555555556,0.032,15.835721141277649
adaptive_delta_2.0_repeated_shocks,adaptive_delta_2.0,none,none,none,3,500,159729.83459070275,1331.081954922523,0.4358333333333333,0.385634399261632,14.206,5.299399114113304,0.1100138888888889,0.018,0.2089249492900608,0.548,0.0,67,2.0,0.056,0.614365600738368,0.1100138888888889,0.018,15.253393071873063
adaptive_delta_2.0_repeated_shocks,adaptive_delta_2.0,none,none,none,4,500,172744.68528578195,1439.5390440481829,0.4290833333333333,0.4211380411453698,16.09,5.449162816866858,0.11312222222222222,0.032,0.2233400402414486,0.582,0.0,93,2.0,0.096,0.5788619588546302,0.11312222222222222,0.032,15.456128756676492
adaptive_delta_2.0_repeated_shocks,adaptive_delta_2.0,none,none,none,5,500,160478.9000378127,1337.3241669817726,0.4267666666666667,0.3934670867186204,14.238,5.354089209928913,0.111725,0.038,0.1983805668016194,0.554,0.0,64,2.0,0.074,0.6065329132813795,0.111725,0.038,15.378299606634108
adaptive_delta_2.0_repeated_shocks,adaptive_delta_2.0,none,none,none,6,500,165705.45273217311,1380.8787727681092,0.4330833333333333,0.4207552016439764,16.38,5.031530457954069,0.1134,0.036,0.2121212121212121,0.626,0.0,88,2.0,0.12,0.5792447983560236,0.1134,0.036,15.271728327244166
adaptive_delta_2.0_repeated_shocks,adaptive_delta_2.0,none,none,none,7,500,172113.61908676213,1434.280159056351,0.4370166666666666,0.4088210789418871,15.702,5.329127263124283,0.11152777777777778,0.034,0.1983471074380165,0.552,0.0,83,2.0,0.068,0.5911789210581129,0.11152777777777778,0.034,14.739122458264955
adaptive_delta_2.0_repeated_shocks,adaptive_delta_2.0,none,none,none,8,500,158814.60812915512,1323.4550677429593,0.4289333333333333,0.4147032586451172,15.806,4.884734998188106,0.11322222222222222,0.048,0.2173038229376257,0.59,0.0,89,2.0,0.086,0.5852967413548827,0.11322222222222222,0.048,15.746469969376461
adaptive_delta_2.0_repeated_shocks,adaptive_delta_2.0,none,none,none,9,500,172251.30809650192,1435.4275674708492,0.42,0.4397886776816698,16.982,5.772614904828657,0.11623333333333334,0.084,0.1963562753036437,0.594,0.0,89,2.0,0.152,0.5602113223183302,0.11623333333333334,0.084,15.923119540113486
adaptive_delta_2.0_repeated_shocks,adaptive_delta_2.0,none,none,none,10,500,154164.5464491863,1284.704553743219,0.4313666666666667,0.399248523886205,14.876,5.387475582640038,0.11133333333333334,0.034,0.2089249492900608,0.572,0.002,107,2.0,0.094,0.600751476113795,0.11133333333333334,0.034,15.276770113191377
adaptive_delta_2.0_repeated_shocks,adaptive_delta_2.0,none,none,none,11,500,165372.88742695082,1378.1073952245902,0.42235,0.4275909402882635,16.198,7.043918940912178,0.11451111111111112,0.066,0.1923076923076923,0.616,0.0,80,2.0,0.138,0.5724090597117364,0.11451111111111112,0.066,15.757225015618532
adaptive_delta_2.0_repeated_shocks,adaptive_delta_2.0,none,none,none,12,500,159025.7053599915,1325.2142113332625,0.4321666666666666,0.4289720579237202,16.826,6.006453955922016,0.11354166666666667,0.07,0.2158859470468432,0.544,0.002,110,2.0,0.11,0.5710279420762798,0.11354166666666667,0.07,15.567596714977435
adaptive_delta_2.0_repeated_shocks,adaptive_delta_2.0,none,none,none,13,500,151587.47478976907,1263.228956581409,0.4310666666666666,0.397722980629148,14.742,5.753651571504969,0.11108611111111111,0.044,0.2352941176470588,0.54,0.008,83,2.0,0.102,0.602277019370852,0.11108611111111111,0.044,15.128975030978767
adaptive_delta_2.0_repeated_shocks,adaptive_delta_2.0,none,none,none,14,500,162937.31734154176,1357.8109778461812,0.4272166666666667,0.4255363250077728,16.424,5.385864536013557,0.11453611111111112,0.04,0.2008032128514056,0.594,0.0,81,2.0,0.084,0.5744636749922272,0.11453611111111112,0.04,15.402994161400965
adaptive_delta_2.0_repeated_shocks,adaptive_delta_2.0,none,none,none,15,500,149430.8988812383,1245.2574906769858,0.4398166666666667,0.3865868134239775,14.33,7.059257828738026,0.10953055555555556,0.048,0.2088353413654618,0.556,0.0,72,2.0,0.102,0.6134131865760224,0.10953055555555556,0.048,15.486643187031575
adaptive_delta_2.0_repeated_shocks,adaptive_delta_2.0,none,none,none,16,500,169153.78770356256,1409.614897529688,0.4167333333333333,0.4529874942102825,17.604,6.0116719919374475,0.11748611111111111,0.072,0.2251521298174442,0.6,0.0,110,2.0,0.136,0.5470125057897175,0.11748611111111111,0.072,16.532404736359357
adaptive_delta_2.0_repeated_shocks,adaptive_delta_2.0,none,none,none,17,500,171580.33591984664,1429.8361326653887,0.4319166666666666,0.4117554776970141,15.748,5.132645427737679,0.11268333333333333,0.02,0.2112676056338028,0.56,0.0,86,2.0,0.054,0.588244522302986,0.11268333333333333,0.02,15.16939488525735
adaptive_delta_2.0_repeated_shocks,adaptive_delta_2.0,none,none,none,18,500,165061.49625481805,1375.5124687901505,0.4166833333333333,0.4344784703870666,16.77,5.93707886895584,0.11617777777777778,0.054,0.2024291497975708,0.564,0.0,99,2.0,0.128,0.5655215296129333,0.11617777777777778,0.054,15.666233672203145
adaptive_delta_2.0_repeated_shocks,adaptive_delta_2.0,none,none,none,19,500,155232.1837804245,1293.6015315035374,0.4398333333333333,0.377612507464307,13.912,5.47271321820731,0.1087638888888889,0.008,0.2076612903225806,0.518,0.0,67,2.0,0.04,0.6223874925356929,0.1087638888888889,0.008,15.164089123304631
adaptive_delta_2.0_repeated_shocks,adaptive_delta_2.0,none,none,none,20,500,169427.9077149709,1411.8992309580908,0.4251166666666666,0.4420009058426853,17.566,5.025431345972167,0.116025,0.054,0.2285714285714285,0.598,0.0,105,2.0,0.112,0.5579990941573147,0.116025,0.054,15.99702544915996
adaptive_delta_2.0_repeated_shocks,adaptive_delta_2.0,none,none,none,21,500,165287.95849845355,1377.3996541537797,0.4152833333333333,0.4522512335526316,17.598,5.596466757207067,0.11793055555555555,0.082,0.1914460285132382,0.624,0.0,91,2.0,0.174,0.5477487664473684,0.11793055555555555,0.082,15.644183686645937
adaptive_delta_2.0_repeated_shocks,adaptive_delta_2.0,none,none,none,22,500,151514.7128199061,1262.622606832551,0.4323,0.4166971040960083,15.972,4.97426128220784,0.1128,0.052,0.1770623742454728,0.568,0.0,104,2.0,0.088,0.5833028959039916,0.1128,0.052,15.398134008810972
adaptive_delta_2.0_repeated_shocks,adaptive_delta_2.0,none,none,none,23,500,168106.9455952536,1400.89121329378,0.4291833333333333,0.4185961618690029,16.054,5.50854595136349,0.11346111111111111,0.04,0.1967871485943775,0.564,0.002,81,2.0,0.088,0.581403838130997,0.11346111111111111,0.04,15.479002129424455
adaptive_delta_2.0_repeated_shocks,adaptive_delta_2.0,none,none,none,24,500,153666.40459676684,1280.5533716397235,0.4408166666666667,0.3716972925954115,13.674,5.0584392149074,0.10812222222222223,0.022,0.2076612903225806,0.508,0.0,73,2.0,0.06,0.6283027074045884,0.10812222222222223,0.022,15.577715105755027
adaptive_delta_2.0_repeated_shocks,adaptive_delta_2.0,none,none,none,25,500,153473.6081516386,1278.9467345969883,0.4432,0.3657399700349592,13.182,5.255352734686036,0.10684722222222222,0.004,0.1740890688259109,0.5,0.004,69,2.0,0.02,0.6342600299650407,0.10684722222222222,0.004,14.728190409832608
adaptive_delta_2.0_repeated_shocks,adaptive_delta_2.0,none,none,none,26,500,186864.6459971483,1557.2053833095692,0.4206,0.4543269230769231,18.144,5.801265123128137,0.11779166666666667,0.044,0.2116935483870967,0.654,0.0,100,2.0,0.124,0.5456730769230769,0.11779166666666667,0.044,15.872145990206427
adaptive_delta_2.0_repeated_shocks,adaptive_delta_2.0,none,none,none,27,500,169401.39330558927,1411.6782775465772,0.4190833333333333,0.4196438150413046,15.646,5.561212074283748,0.11441111111111112,0.03,0.2080808080808081,0.586,0.0,82,2.0,0.08,0.5803561849586953,0.11441111111111112,0.03,15.831028657639932
adaptive_delta_2.0_repeated_shocks,adaptive_delta_2.0,none,none,none,28,500,167919.4330605426,1399.328608837855,0.4187833333333333,0.418564859373329,15.656,5.278947700254585,0.11467777777777778,0.02,0.1911468812877263,0.6,0.0,75,2.0,0.1,0.5814351406266709,0.11467777777777778,0.02,15.691638597437263
adaptive_delta_2.0_repeated_shocks,adaptive_delta_2.0,none,none,none,29,500,162982.64890526698,1358.1887408772247,0.43165,0.417904204141393,15.984,5.075872762330747,0.11306111111111111,0.036,0.206060606060606,0.59,0.0,82,2.0,0.112,0.582095795858607,0.11306111111111111,0.036,15.37424995670652
adaptive_delta_2.0_repeated_shocks,adaptive_delta_2.0,none,none,none,30,500,173543.73868790327,1446.197822399194,0.4168833333333333,0.4600610213574751,18.396,4.9777532012164825,0.11889444444444444,0.08,0.2141414141414141,0.634,0.0,96,2.0,0.17,0.5399389786425248,0.11889444444444444,0.08,16.443785438465543
adaptive_delta_2.0_repeated_shocks,adaptive_delta_2.0,none,none,none,31,500,166746.7673235906,1389.556394363255,0.4238666666666666,0.4295913088463528,16.608,6.279067990739845,0.11435555555555556,0.066,0.2267206477732793,0.57,0.0,88,2.0,0.13,0.5704086911536472,0.11435555555555556,0.066,15.617067080233822
adaptive_delta_2.0_repeated_shocks,adaptive_delta_2.0,none,none,none,32,500,169293.77586955696,1410.7814655796417,0.4377,0.4535967921155611,18.778,4.898917501387556,0.11545277777777778,0.072,0.2190669371196754,0.592,0.002,105,2.0,0.118,0.5464032078844389,0.11545277777777778,0.072,15.307067691776023
adaptive_delta_2.0_repeated_shocks,adaptive_delta_2.0,none,none,none,33,500,178063.53786333094,1483.862815527758,0.4199833333333333,0.4168838219326818,15.358,6.4516180898841125,0.11424722222222222,0.044,0.1898989898989899,0.608,0.0,65,2.0,0.1,0.5831161780673182,0.11424722222222222,0.044,15.75587549918928
adaptive_delta_2.0_repeated_shocks,adaptive_delta_2.0,none,none,none,34,500,155930.34242116532,1299.4195201763775,0.42665,0.4170750988142293,15.828,5.303464832795073,0.11374166666666667,0.044,0.2092555331991951,0.582,0.0,100,2.0,0.098,0.5829249011857707,0.11374166666666667,0.044,15.83260261279767
adaptive_delta_2.0_repeated_shocks,adaptive_delta_2.0,none,none,none,35,500,174114.75757318136,1450.9563131098446,0.4243833333333333,0.4137398070671001,15.526,5.520440711688137,0.11340277777777778,0.046,0.1897959183673469,0.602,0.0,65,2.0,0.134,0.5862601929328999,0.11340277777777778,0.046,15.439338211350517
adaptive_delta_2.0_repeated_shocks,adaptive_delta_2.0,none,none,none,36,500,168658.89489174305,1405.4907907645254,0.4179333333333333,0.4271348847004317,16.226,6.288897936004918,0.11553333333333334,0.042,0.2132796780684104,0.604,0.0,97,2.0,0.116,0.5728651152995683,0.11553333333333334,0.042,16.20221887216121
adaptive_delta_2.0_repeated_shocks,adaptive_delta_2.0,none,none,none,37,500,167996.1801806645,1399.968168172204,0.4312333333333333,0.4040960376450457,15.114,5.441240193787825,0.11167222222222223,0.028,0.1690427698574338,0.594,0.0,78,2.0,0.048,0.5959039623549542,0.11167222222222223,0.028,15.283950081180235
adaptive_delta_2.0_repeated_shocks,adaptive_delta_2.0,none,none,none,38,500,159055.25889074843,1325.4604907562368,0.4246666666666667,0.3950732943899482,14.338,5.436284082685716,0.11215555555555556,0.036,0.2374245472837022,0.58,0.0,80,2.0,0.078,0.6049267056100518,0.11215555555555556,0.036,15.663485645626807
adaptive_delta_2.0_repeated_shocks,adaptive_delta_2.0,none,none,none,39,500,163590.8595621505,1363.257163017921,0.42895,0.4230273004076998,16.394,5.781125444174597,0.114425,0.052,0.1930894308943089,0.57,0.0,117,2.0,0.1,0.5769726995923001,0.114425,0.052,15.273376373115065
adaptive_delta_2.0_repeated_shocks,adaptive_delta_2.0,none,none,none,40,500,161697.5989960034,1347.4799916333616,0.42615,0.4182335282035077,15.882,6.19477226247841,0.11376944444444445,0.064,0.1939393939393939,0.57,0.0,81,2.0,0.124,0.5817664717964923,0.11376944444444445,0.064,15.521238083605407
adaptive_delta_2.0_repeated_shocks,adaptive_delta_2.0,none,none,none,41,500,171466.26352297803,1428.8855293581505,0.4257666666666667,0.444159113796576,17.642,6.100849943144907,0.11619444444444445,0.08,0.2231237322515213,0.576,0.002,97,2.0,0.15,0.555840886203424,0.11619444444444445,0.08,16.04463975197846
adaptive_delta_2.0_repeated_shocks,adaptive_delta_2.0,none,none,none,42,500,157199.92104302094,1309.9993420251744,0.4267666666666667,0.4167107071134129,15.77,4.947077315966096,0.11354722222222223,0.034,0.187122736418511,0.606,0.004,105,2.0,0.098,0.583289292886587,0.11354722222222223,0.034,15.683150550410707
adaptive_delta_2.0_repeated_shocks,adaptive_delta_2.0,none,none,none,43,500,166982.95420968474,1391.5246184140394,0.4293833333333333,0.4660338463013567,19.442,4.751163724053769,0.11755833333333333,0.078,0.2363636363636363,0.608,0.0,101,2.0,0.136,0.5339661536986433,0.11755833333333333,0.078,15.927288650709622
adaptive_delta_2.0_repeated_shocks,adaptive_delta_2.0,none,none,none,44,500,164783.48438320015,1373.1957031933346,0.4376,0.4529041626331074,18.714,5.167919934174415,0.11545833333333333,0.064,0.2306122448979591,0.616,0.0,102,2.0,0.13,0.5470958373668926,0.11545833333333333,0.064,15.418357845271917
adaptive_delta_2.0_repeated_shocks,adaptive_delta_2.0,none,none,none,45,500,160553.34814194636,1337.944567849553,0.4396,0.3886766051342769,14.444,5.027490837332333,0.10963611111111111,0.018,0.2235772357723577,0.564,0.0,76,2.0,0.05,0.6113233948657231,0.10963611111111111,0.018,15.195824477940372
adaptive_delta_2.0_repeated_shocks,adaptive_delta_2.0,none,none,none,46,500,178127.98729799743,1484.3998941499783,0.41975,0.4114112488496725,15.2,5.996618523049997,0.11406111111111111,0.016,0.1825557809330628,0.572,0.0,70,2.0,0.086,0.5885887511503275,0.11406111111111111,0.016,15.691843192675984
adaptive_delta_2.0_repeated_shocks,adaptive_delta_2.0,none,none,none,47,500,176068.42063887772,1467.2368386573144,0.4392666666666666,0.4511008952334865,18.644,5.627504350498416,0.11502777777777778,0.066,0.2217741935483871,0.61,0.0,100,2.0,0.094,0.5488991047665135,0.11502777777777778,0.066,15.44012025678753
adaptive_delta_2.0_repeated_shocks,adaptive_delta_2.0,none,none,none,48,500,167085.53524159655,1392.379460346638,0.43175,0.3948098580055492,14.514,6.36037921278219,0.11073333333333334,0.028,0.1795918367346938,0.56,0.006,79,2.0,0.092,0.6051901419944508,0.11073333333333334,0.028,15.542777158519078
adaptive_delta_2.0_repeated_shocks,adaptive_delta_2.0,none,none,none,49,500,148254.30836347726,1235.452569695644,0.4374833333333333,0.4155323848168883,16.18,5.416841894064636,0.11224722222222222,0.048,0.2138492871690427,0.542,0.004,118,2.0,0.088,0.5844676151831116,0.11224722222222222,0.048,15.399736346818182
adaptive_delta_2.0_repeated_shocks,adaptive_delta_2.0,none,none,none,50,500,163578.51760148333,1363.1543133456944,0.4347333333333333,0.4270892187580256,16.63,5.05066059307072,0.112925,0.042,0.2028112449799196,0.588,0.0,101,2.0,0.116,0.5729107812419745,0.112925,0.042,15.416114001682544
adaptive_delta_3.0_repeated_shocks,adaptive_delta_3.0,none,none,none,1,500,172465.70516667876,1437.214209722323,0.4244166666666666,0.4318181818181818,16.796,5.181077393359677,0.11512777777777779,0.052,0.219959266802444,0.568,0.0,83,3.0,0.1,0.5681818181818181,0.11512777777777779,0.052,15.678696069964039
adaptive_delta_3.0_repeated_shocks,adaptive_delta_3.0,none,none,none,2,500,151474.42756146376,1262.2868963455314,0.4382666666666667,0.3786833169021799,13.828,5.612459040606914,0.10917500000000001,0.016,0.1934826883910387,0.55,0.0,78,3.0,0.048,0.6213166830978201,0.10917500000000001,0.016,15.230114489037568
adaptive_delta_3.0_repeated_shocks,adaptive_delta_3.0,none,none,none,3,500,180619.41152686745,1505.1617627238954,0.4199166666666666,0.4182282793867121,15.712,5.421551638445954,0.11438055555555555,0.03,0.2089249492900608,0.616,0.0,67,3.0,0.12,0.581771720613288,0.11438055555555555,0.03,15.415828586576213
adaptive_delta_3.0_repeated_shocks,adaptive_delta_3.0,none,none,none,4,500,191550.72645891405,1596.2560538242838,0.4158333333333333,0.4320008460236886,16.34,5.868631294406305,0.11566388888888889,0.066,0.2454728370221328,0.566,0.0,84,3.0,0.108,0.5679991539763114,0.11566388888888889,0.066,15.776768723957865
adaptive_delta_3.0_repeated_shocks,adaptive_delta_3.0,none,none,none,5,500,165872.5882481877,1382.2715687348975,0.4362,0.4106826472120896,15.762,5.704638228796851,0.11211388888888889,0.042,0.1821862348178137,0.566,0.0,70,3.0,0.088,0.5893173527879103,0.11211388888888889,0.042,15.097375546252353
adaptive_delta_3.0_repeated_shocks,adaptive_delta_3.0,none,none,none,6,500,152356.2060470789,1269.635050392324,0.43175,0.3936940318515738,14.684,5.250476910135811,0.11131388888888889,0.022,0.2242424242424242,0.548,0.0,102,3.0,0.048,0.6063059681484262,0.11131388888888889,0.022,15.569953880248786
adaptive_delta_3.0_repeated_shocks,adaptive_delta_3.0,none,none,none,7,500,174881.25665289597,1457.3438054407998,0.4289333333333333,0.4152645181707896,15.746,5.836786980930192,0.11328333333333333,0.054,0.2107438016528925,0.6,0.0,75,3.0,0.08,0.5847354818292104,0.11328333333333333,0.054,15.168555325360533
adaptive_delta_3.0_repeated_shocks,adaptive_delta_3.0,none,none,none,8,500,151933.76385475206,1266.1146987896004,0.4341666666666666,0.3789814154925717,13.826,5.988662124498223,0.109575,0.034,0.2112676056338028,0.548,0.0,83,3.0,0.056,0.6210185845074283,0.109575,0.034,15.508306685916903
adaptive_delta_3.0_repeated_shocks,adaptive_delta_3.0,none,none,none,9,500,172274.05771880268,1435.617147656689,0.4138166666666666,0.4448391248391248,17.282,5.191014546681801,0.11787500000000001,0.08,0.2408906882591093,0.64,0.0,87,3.0,0.174,0.5551608751608752,0.11787500000000001,0.08,16.39376867002525
adaptive_delta_3.0_repeated_shocks,adaptive_delta_3.0,none,none,none,10,500,177787.35346205687,1481.561278850474,0.4167833333333333,0.4505742411812961,17.576,5.389579880341656,0.11759444444444445,0.07,0.22920892494929,0.614,0.0,79,3.0,0.148,0.5494257588187039,0.11759444444444445,0.07,16.54280109386191
adaptive_delta_3.0_repeated_shocks,adaptive_delta_3.0,none,none,none,11,500,172223.84178643444,1435.1986815536204,0.4329166666666666,0.4072292976800719,15.412,5.662040298306223,0.11181111111111111,0.046,0.2105263157894736,0.574,0.0,91,3.0,0.094,0.5927707023199281,0.11181111111111111,0.046,15.524975201863304
adaptive_delta_3.0_repeated_shocks,adaptive_delta_3.0,none,none,none,12,500,158918.4172362754,1324.3201436356285,0.4314,0.4119380987472365,15.652,5.47948811117933,0.11167222222222223,0.046,0.2036659877800407,0.542,0.002,105,3.0,0.066,0.5880619012527635,0.11167222222222223,0.046,15.458480174272822
adaptive_delta_3.0_repeated_shocks,adaptive_delta_3.0,none,none,none,13,500,163085.62000709528,1359.0468333924607,0.42845,0.3851216814159292,13.926,5.5751413524730875,0.11073333333333334,0.016,0.2312373225152129,0.534,0.002,69,3.0,0.074,0.6148783185840707,0.11073333333333334,0.016,15.096420612935564
adaptive_delta_3.0_repeated_shocks,adaptive_delta_3.0,none,none,none,14,500,162217.00472047506,1351.8083726706254,0.4306666666666666,0.4060819087181125,15.25,5.504607077294579,0.11220833333333334,0.03,0.2188755020080321,0.55,0.0,74,3.0,0.08,0.5939180912818874,0.11220833333333334,0.03,15.407975197047806
adaptive_delta_3.0_repeated_shocks,adaptive_delta_3.0,none,none,none,15,500,161358.15091798504,1344.651257649875,0.42465,0.4349583098879738,17.006,4.992943228122682,0.11501666666666667,0.042,0.2289156626506024,0.558,0.0,105,3.0,0.124,0.5650416901120262,0.11501666666666667,0.042,15.740843528711727
adaptive_delta_3.0_repeated_shocks,adaptive_delta_3.0,none,none,none,16,500,160337.07821933387,1336.142318494449,0.4337166666666666,0.4082489373983313,15.56,5.144650805052008,0.11214444444444445,0.036,0.2352941176470588,0.558,0.0,78,3.0,0.088,0.5917510626016687,0.11214444444444445,0.036,15.858869083435028
adaptive_delta_3.0_repeated_shocks,adaptive_delta_3.0,none,none,none,17,500,179231.01048368902,1493.591754030742,0.42815,0.4848654186458042,20.824,5.090422595244788,0.11974722222222223,0.09,0.2414486921529175,0.634,0.0,112,3.0,0.172,0.5151345813541958,0.11974722222222223,0.09,15.876932881762377
adaptive_delta_3.0_repeated_shocks,adaptive_delta_3.0,none,none,none,18,500,152996.0776829139,1274.9673140242824,0.4302833333333333,0.4009315273836929,14.978,5.549955955941097,0.11197777777777779,0.056,0.2388663967611336,0.544,0.0,80,3.0,0.112,0.5990684726163071,0.11197777777777779,0.056,15.867862658529987
adaptive_delta_3.0_repeated_shocks,adaptive_delta_3.0,none,none,none,19,500,157565.9765012345,1313.049804176954,0.4386833333333333,0.3728309370352008,13.536,5.803911093332472,0.10885833333333333,0.002,0.2217741935483871,0.556,0.0,73,3.0,0.032,0.6271690629647992,0.10885833333333333,0.002,15.580986841262117
adaptive_delta_3.0_repeated_shocks,adaptive_delta_3.0,none,none,none,20,500,170761.20286113216,1423.010023842768,0.4241166666666666,0.4232521602513747,16.164,5.545240975342074,0.11437777777777779,0.042,0.2551020408163265,0.55,0.0,104,3.0,0.086,0.5767478397486253,0.11437777777777779,0.042,15.917291877946022
adaptive_delta_3.0_repeated_shocks,adaptive_delta_3.0,none,none,none,21,500,176641.5377914383,1472.0128149286527,0.4094,0.4429864013968993,16.744,5.38845050872709,0.11756666666666667,0.074,0.1995926680244399,0.612,0.0,90,3.0,0.142,0.5570135986031006,0.11756666666666667,0.074,16.295246797574507
adaptive_delta_3.0_repeated_shocks,adaptive_delta_3.0,none,none,none,22,500,192918.0333823684,1607.6502781864033,0.42235,0.4339231048617236,16.726,7.012318650728776,0.11519166666666666,0.048,0.1951710261569416,0.584,0.0,82,3.0,0.12,0.5660768951382764,0.11519166666666666,0.048,15.412881711176512
adaptive_delta_3.0_repeated_shocks,adaptive_delta_3.0,none,none,none,23,500,151676.73186273087,1263.9727655227573,0.4397166666666666,0.3757898785647563,13.678,5.185451065945449,0.10867222222222223,0.018,0.214859437751004,0.538,0.0,75,3.0,0.046,0.6242101214352437,0.10867222222222223,0.018,15.179442924077511
adaptive_delta_3.0_repeated_shocks,adaptive_delta_3.0,none,none,none,24,500,171061.9134213654,1425.515945178045,0.41935,0.4129515131793036,15.228,5.739995407158573,0.11424166666666667,0.04,0.1935483870967742,0.592,0.0,85,3.0,0.126,0.5870484868206964,0.11424166666666667,0.04,15.484312638333934
adaptive_delta_3.0_repeated_shocks,adaptive_delta_3.0,none,none,none,25,500,180091.4874827702,1500.7623956897517,0.4255166666666666,0.4890958442530887,20.902,5.087498364969802,0.11994166666666667,0.12,0.2388663967611336,0.594,0.0,116,3.0,0.168,0.5109041557469113,0.11994166666666667,0.12,16.23206865883966
adaptive_delta_3.0_repeated_shocks,adaptive_delta_3.0,none,none,none,26,500,167322.21076127616,1394.351756343968,0.4368166666666667,0.4201413789570741,16.404,5.641819804499369,0.11240277777777778,0.04,0.1875,0.556,0.0,89,3.0,0.076,0.579858621042926,0.11240277777777778,0.04,15.213739826883575
adaptive_delta_3.0_repeated_shocks,adaptive_delta_3.0,none,none,none,27,500,179642.40782192443,1497.0200651827038,0.4166833333333333,0.4758516496905307,19.528,5.367564942884216,0.12043333333333334,0.084,0.2303030303030303,0.618,0.0,103,3.0,0.168,0.5241483503094693,0.12043333333333334,0.084,16.25317453438663
adaptive_delta_3.0_repeated_shocks,adaptive_delta_3.0,none,none,none,28,500,153296.9331531404,1277.4744429428365,0.4395833333333333,0.3792578082489933,13.94,5.214295619447161,0.10893888888888889,0.016,0.2193158953722334,0.554,0.0,79,3.0,0.05,0.6207421917510066,0.10893888888888889,0.016,15.322684276569154
adaptive_delta_3.0_repeated_shocks,adaptive_delta_3.0,none,none,none,29,500,147287.79708201587,1227.398309016799,0.4420166666666666,0.3855846235985051,14.444,4.5942566647580385,0.1094,0.026,0.206060606060606,0.554,0.0,99,3.0,0.062,0.6144153764014949,0.1094,0.026,15.024406891258833
adaptive_delta_3.0_repeated_shocks,adaptive_delta_3.0,none,none,none,30,500,180012.60556311326,1500.1050463592771,0.4295,0.418664563617245,15.926,5.425051031996916,0.11321944444444444,0.014,0.1919191919191919,0.652,0.0,65,3.0,0.06,0.581335436382755,0.11321944444444444,0.014,15.312243639964581
adaptive_delta_3.0_repeated_shocks,adaptive_delta_3.0,none,none,none,31,500,170936.80242816225,1424.4733535680186,0.4336166666666666,0.4321592804083076,17.104,4.815008172981641,0.11396944444444444,0.052,0.2348178137651821,0.56,0.002,113,3.0,0.104,0.5678407195916924,0.11396944444444444,0.052,15.823859466834504
adaptive_delta_3.0_repeated_shocks,adaptive_delta_3.0,none,none,none,32,500,175509.9181019044,1462.5826508492032,0.4089333333333333,0.4401284109149277,16.452,5.785144565727191,0.11710833333333334,0.074,0.2129817444219067,0.642,0.002,85,3.0,0.148,0.5598715890850723,0.11710833333333334,0.074,16.501948161167043
adaptive_delta_3.0_repeated_shocks,adaptive_delta_3.0,none,none,none,33,500,173301.33297814446,1444.1777748178706,0.4392833333333333,0.4547597287026793,18.908,5.811533989392697,0.11533055555555556,0.078,0.1676767676767676,0.59,0.0,114,3.0,0.132,0.5452402712973208,0.11533055555555556,0.078,15.628028283586385
adaptive_delta_3.0_repeated_shocks,adaptive_delta_3.0,none,none,none,34,500,157942.927757443,1316.1910646453582,0.4259833333333333,0.4118242343541944,15.464,5.642822511640193,0.11355555555555556,0.062,0.2334004024144869,0.596,0.0,83,3.0,0.13,0.5881757656458055,0.11355555555555556,0.062,15.823096698727348
adaptive_delta_3.0_repeated_shocks,adaptive_delta_3.0,none,none,none,35,500,168011.10065580613,1400.092505465051,0.4301166666666666,0.4086541014069551,15.394,6.023339228589554,0.11219444444444444,0.034,0.1795918367346938,0.566,0.0,84,3.0,0.092,0.5913458985930449,0.11219444444444444,0.034,15.432906050130459
adaptive_delta_3.0_repeated_shocks,adaptive_delta_3.0,none,none,none,36,500,156100.54897086983,1300.837908090582,0.4369833333333333,0.3830851121028012,14.25,5.787467506000191,0.11019166666666667,0.014,0.2253521126760563,0.536,0.0,69,3.0,0.062,0.6169148878971988,0.11019166666666667,0.014,15.499167173562716
adaptive_delta_3.0_repeated_shocks,adaptive_delta_3.0,none,none,none,37,500,165345.00271812035,1377.8750226510028,0.4335666666666666,0.4232941298378322,16.34,5.322077712097183,0.11291111111111111,0.05,0.2097759674134419,0.616,0.0,91,3.0,0.092,0.5767058701621678,0.11291111111111111,0.05,15.695472651104126
adaptive_delta_3.0_repeated_shocks,adaptive_delta_3.0,none,none,none,38,500,153540.0778913221,1279.5006490943508,0.4205666666666666,0.4202070879590094,15.746,5.616301051870574,0.11473888888888889,0.058,0.2253521126760563,0.614,0.0,104,3.0,0.116,0.5797929120409906,0.11473888888888889,0.058,15.426016732502616
adaptive_delta_3.0_repeated_shocks,adaptive_delta_3.0,none,none,none,39,500,186662.2479777049,1555.5187331475406,0.4222833333333333,0.4459157787924911,17.578,6.609842085164172,0.11693611111111112,0.054,0.1971544715447154,0.636,0.0,105,3.0,0.14,0.5540842212075089,0.11693611111111112,0.054,15.648595829663062
adaptive_delta_3.0_repeated_shocks,adaptive_delta_3.0,none,none,none,40,500,170202.55492411106,1418.354624367592,0.4279833333333333,0.4400606213690325,17.422,6.140926481766338,0.115275,0.086,0.2242424242424242,0.59,0.0,84,3.0,0.144,0.5599393786309674,0.115275,0.086,15.445304925220348
adaptive_delta_3.0_repeated_shocks,adaptive_delta_3.0,none,none,none,41,500,168904.22270167916,1407.5351891806597,0.42275,0.4144402035623409,15.636,5.898611940976846,0.11392222222222223,0.062,0.2231237322515213,0.576,0.0,100,3.0,0.112,0.5855597964376591,0.11392222222222223,0.062,15.619871102153997
adaptive_delta_3.0_repeated_shocks,adaptive_delta_3.0,none,none,none,42,500,154541.7585720397,1287.847988100331,0.4328,0.3880982471564371,14.126,5.83468760020188,0.11012777777777778,0.038,0.2173038229376257,0.554,0.002,67,3.0,0.07,0.6119017528435629,0.11012777777777778,0.038,15.471782294910303
adaptive_delta_3.0_repeated_shocks,adaptive_delta_3.0,none,none,none,43,500,186545.31609875237,1554.5443008229363,0.4306666666666666,0.4300909511330353,16.74,5.183530279072546,0.11372777777777777,0.02,0.1979797979797979,0.62,0.006,90,3.0,0.094,0.5699090488669647,0.11372777777777777,0.02,15.493855681528373
adaptive_delta_3.0_repeated_shocks,adaptive_delta_3.0,none,none,none,44,500,180780.6772167449,1506.5056434728738,0.43565,0.4335773009825546,17.298,5.660480466442605,0.11356111111111111,0.04,0.2,0.538,0.0,100,3.0,0.086,0.5664226990174454,0.11356111111111111,0.04,15.530351260877156
adaptive_delta_3.0_repeated_shocks,adaptive_delta_3.0,none,none,none,45,500,168871.02615683555,1407.258551306963,0.43285,0.383636064314328,13.982,5.391327455089871,0.11006388888888889,0.004,0.1768292682926829,0.57,0.004,75,3.0,0.026,0.6163639356856719,0.11006388888888889,0.004,15.019848552578946
adaptive_delta_3.0_repeated_shocks,adaptive_delta_3.0,none,none,none,46,500,171041.2713721935,1425.3439281016124,0.4326,0.4363289295222786,17.372,5.639161993523967,0.11438611111111112,0.072,0.2312373225152129,0.586,0.004,103,3.0,0.144,0.5636710704777215,0.11438611111111112,0.072,15.535011819357834
adaptive_delta_3.0_repeated_shocks,adaptive_delta_3.0,none,none,none,47,500,169283.0566882579,1410.6921390688158,0.4341666666666666,0.4441398217957505,18.144,5.140386395439895,0.11493611111111111,0.074,0.1935483870967742,0.578,0.0,109,3.0,0.104,0.5558601782042495,0.11493611111111111,0.074,15.233074205541806
adaptive_delta_3.0_repeated_shocks,adaptive_delta_3.0,none,none,none,48,500,148460.37825918538,1237.1698188265448,0.4322,0.3844300886893682,14.044,5.6263433900726545,0.10995555555555556,0.058,0.2061224489795918,0.54,0.002,79,3.0,0.088,0.6155699113106318,0.10995555555555556,0.058,15.213531786939154
adaptive_delta_3.0_repeated_shocks,adaptive_delta_3.0,none,none,none,49,500,162947.64724139558,1357.8970603449632,0.4364,0.3985734816628519,14.976,4.739142092038054,0.11104722222222223,0.032,0.1731160896130346,0.584,0.0,72,3.0,0.054,0.6014265183371481,0.11104722222222223,0.032,15.25788234546298
adaptive_delta_3.0_repeated_shocks,adaptive_delta_3.0,none,none,none,50,500,167298.3816610395,1394.1531805086624,0.4388166666666667,0.427570564516129,16.966,5.500955260624891,0.11269444444444444,0.05,0.2008032128514056,0.578,0.0,98,3.0,0.114,0.572429435483871,0.11269444444444444,0.05,15.379747563442685
